{
  "config": {
    "learning_rate": 2.5e-05,
    "clip_range": 0.2,
    "gae_lambda": 0.98,
    "gamma": 0.98,
    "n_steps": 2048,
    "ent_coef": 0.0004,
    "vf_coef": 0.5
  },
  "seed": 42,
  "timesteps": 1024000,
  "mean_eval_return": 3266.0363758000003,
  "std_eval_return": 90.62137112852668,
  "model_path": "ckpt_grid/ppo_halfcheetah_lr2p5e-05_clip0p2_gae0p98_gamma0p98_nsteps2048_ent0p0004_vf0p5_20251104_105457.zip"
}