{
  "config": {
    "learning_rate": 2.5e-05,
    "clip_range": 0.1,
    "gae_lambda": 0.98,
    "gamma": 0.99,
    "n_steps": 2048,
    "ent_coef": 0.0004,
    "vf_coef": 0.5
  },
  "seed": 42,
  "timesteps": 1024000,
  "mean_eval_return": 2570.7976867999996,
  "std_eval_return": 74.33031440015458,
  "model_path": "ckpt_grid/ppo_halfcheetah_lr2p5e-05_clip0p1_gae0p98_gamma0p99_nsteps2048_ent0p0004_vf0p5_20251104_093916.zip"
}