{
  "config": {
    "learning_rate": 3e-05,
    "clip_range": 0.1,
    "gae_lambda": 0.95,
    "gamma": 0.98,
    "n_steps": 2048,
    "ent_coef": 0.0004,
    "vf_coef": 0.5
  },
  "seed": 42,
  "timesteps": 1024000,
  "mean_eval_return": 3061.9030310999997,
  "std_eval_return": 177.48199107377823,
  "model_path": "ckpt_grid/ppo_halfcheetah_lr3e-05_clip0p1_gae0p95_gamma0p98_nsteps2048_ent0p0004_vf0p5_20251104_010914.zip"
}