{
  "config": {
    "learning_rate": 3e-05,
    "clip_range": 0.2,
    "gae_lambda": 0.98,
    "gamma": 0.98,
    "n_steps": 2048,
    "ent_coef": 0.0004,
    "vf_coef": 0.5
  },
  "seed": 42,
  "timesteps": 1024000,
  "mean_eval_return": 2698.8485683,
  "std_eval_return": 100.6376056717882,
  "model_path": "ckpt_grid/ppo_halfcheetah_lr3e-05_clip0p2_gae0p98_gamma0p98_nsteps2048_ent0p0004_vf0p5_20251104_063358.zip"
}