{
  "config": {
    "learning_rate": 2.5e-05,
    "clip_range": 0.1,
    "gae_lambda": 0.95,
    "gamma": 0.98,
    "n_steps": 2048,
    "ent_coef": 0.0001,
    "vf_coef": 1.0
  },
  "seed": 42,
  "timesteps": 1024000,
  "mean_eval_return": 3753.3759261,
  "std_eval_return": 87.38237641925708,
  "model_path": "ckpt_grid/ppo_halfcheetah_lr2p5e-05_clip0p1_gae0p95_gamma0p98_nsteps2048_ent0p0001_vf1p0_20251104_084206.zip"
}