{
  "config": {
    "learning_rate": 3e-05,
    "clip_range": 0.2,
    "gae_lambda": 0.95,
    "gamma": 0.98,
    "n_steps": 2048,
    "ent_coef": 0.0001,
    "vf_coef": 1.0
  },
  "seed": 42,
  "timesteps": 1024000,
  "mean_eval_return": 3170.2487479,
  "std_eval_return": 112.04181308457281,
  "model_path": "ckpt_grid/ppo_halfcheetah_lr3e-05_clip0p2_gae0p95_gamma0p98_nsteps2048_ent0p0001_vf1p0_20251104_050925.zip"
}