{
  "config": {
    "learning_rate": 2.5e-05,
    "clip_range": 0.1,
    "gae_lambda": 0.98,
    "gamma": 0.98,
    "n_steps": 2048,
    "ent_coef": 0.0004,
    "vf_coef": 1.0
  },
  "seed": 42,
  "timesteps": 1024000,
  "mean_eval_return": 2980.6548342,
  "std_eval_return": 117.18923215428623,
  "model_path": "ckpt_grid/ppo_halfcheetah_lr2p5e-05_clip0p1_gae0p98_gamma0p98_nsteps2048_ent0p0004_vf1p0_20251104_092013.zip"
}